,id,age,gender,scanner,scan_day,onset,offset,duration_measured,response,key_t,rt,con
0,test,test,female,Prisma,Tuesday,6.39508361928e-05,7.47222954722,7.47216559638,y,8.01023173891,7.47216559638,ani0
1,test,test,female,Prisma,Tuesday,12.4903904001,19.7695357959,7.27914539579,NA,8.01023173891,7.27914539579,inani0
2,test,test,female,Prisma,Tuesday,24.7914839594,31.9679393146,7.17645535519,y,33.6234531399,7.17645535519,ani1
3,test,test,female,Prisma,Tuesday,36.9890442745,43.8977193238,6.90867504926,y,45.855752575,6.90867504926,inani1
