,ID,age,gender,Scanner,Scan day,onset,offset,duration_measured,response,key_t,rt,con
0,test,test,,female,Prisma,6.51351292618e-05,7.36656737182,7.36650223669,,1.12961176317,7.36650223669,ani
1,test,test,,female,Prisma,12.3742631837,19.2963406701,6.92207748635,,20.1256144412,6.92207748635,inani
2,test,test,,female,Prisma,24.3086851551,31.281564869,6.97287971398,,31.8739943534,6.97287971398,ani
